job_title,company_name,time_posted,num_applicants,app_link
"Software Engineer, Search",Notion,1 month ago,,https://www.linkedin.com/jobs/view/software-engineer-search-at-notion-3880493997?trk=public_jobs_topcard-title
Rotational Software Engineer,Meta,1 month ago,,https://www.linkedin.com/jobs/view/rotational-software-engineer-at-meta-3811198910?trk=public_jobs_topcard-title
,,,,
Software Engineer Intern,Ritual,2 weeks ago,,https://www.linkedin.com/jobs/view/software-engineer-intern-at-ritual-3909013139?trk=public_jobs_topcard-title
"Jr. Software Development Engineer, Jr. Developer Program",Amazon,1 month ago,,https://www.linkedin.com/jobs/view/jr-software-development-engineer-jr-developer-program-at-amazon-3880456544?trk=public_jobs_topcard-title
Software Engineer (Front-End / Map),Paces,1 week ago,,https://www.linkedin.com/jobs/view/software-engineer-front-end-map-at-paces-3918910604?trk=public_jobs_topcard-title
Software Engineering Intern,Talkspace,2 weeks ago,,https://www.linkedin.com/jobs/view/software-engineering-intern-at-talkspace-3907940935?trk=public_jobs_topcard-title
Full Stack Software Engineer - Web,Sundae.fm,1 month ago,134 applicants,https://www.linkedin.com/jobs/view/full-stack-software-engineer-web-at-sundae-fm-3884305498?trk=public_jobs_topcard-title
,,,,
Full Stack Developer,Vivid Mortgages Inc,2 weeks ago,,https://www.linkedin.com/jobs/view/full-stack-developer-at-vivid-mortgages-inc-3913344603?trk=public_jobs_topcard-title
Rotational Software Engineer,Meta,1 month ago,,https://www.linkedin.com/jobs/view/rotational-software-engineer-at-meta-3811198910?trk=public_jobs_topcard-title
"Software Engineer, Calendar",Notion,2 months ago,,https://www.linkedin.com/jobs/view/software-engineer-calendar-at-notion-3853683924?trk=public_jobs_topcard-title
Software Engineer Intern,Ritual,2 weeks ago,,https://www.linkedin.com/jobs/view/software-engineer-intern-at-ritual-3909013139?trk=public_jobs_topcard-title
"Jr. Software Development Engineer, Jr. Developer Program",Amazon,1 month ago,,https://www.linkedin.com/jobs/view/jr-software-development-engineer-jr-developer-program-at-amazon-3880456544?trk=public_jobs_topcard-title
Software Engineer (Front-End / Map),Paces,1 week ago,,https://www.linkedin.com/jobs/view/software-engineer-front-end-map-at-paces-3918910604?trk=public_jobs_topcard-title
Software Engineering Intern,Talkspace,2 weeks ago,,https://www.linkedin.com/jobs/view/software-engineering-intern-at-talkspace-3907940935?trk=public_jobs_topcard-title
Full Stack Software Engineer - Web,Sundae.fm,1 month ago,134 applicants,https://www.linkedin.com/jobs/view/full-stack-software-engineer-web-at-sundae-fm-3884305498?trk=public_jobs_topcard-title
Frontend Engineer,Porter,11 months ago,,https://www.linkedin.com/jobs/view/frontend-engineer-at-porter-3625989459?trk=public_jobs_topcard-title
Full Stack Developer,Vivid Mortgages Inc,2 weeks ago,,https://www.linkedin.com/jobs/view/full-stack-developer-at-vivid-mortgages-inc-3913344603?trk=public_jobs_topcard-title
Full Stack Engineer,Porter,11 months ago,,https://www.linkedin.com/jobs/view/full-stack-engineer-at-porter-3625991287?trk=public_jobs_topcard-title
"Software Engineer, Calendar",Notion,2 months ago,,https://www.linkedin.com/jobs/view/software-engineer-calendar-at-notion-3853683924?trk=public_jobs_topcard-title
Software Engineer Intern,Ritual,2 weeks ago,,https://www.linkedin.com/jobs/view/software-engineer-intern-at-ritual-3909013139?trk=public_jobs_topcard-title
,,,,
,,,,
Software Engineering Intern,Talkspace,2 weeks ago,,https://www.linkedin.com/jobs/view/software-engineering-intern-at-talkspace-3907940935?trk=public_jobs_topcard-title
Full Stack Software Engineer - Web,Sundae.fm,1 month ago,134 applicants,https://www.linkedin.com/jobs/view/full-stack-software-engineer-web-at-sundae-fm-3884305498?trk=public_jobs_topcard-title
Frontend Engineer,Porter,11 months ago,,https://www.linkedin.com/jobs/view/frontend-engineer-at-porter-3625989459?trk=public_jobs_topcard-title
Full Stack Developer,Vivid Mortgages Inc,2 weeks ago,,https://www.linkedin.com/jobs/view/full-stack-developer-at-vivid-mortgages-inc-3913344603?trk=public_jobs_topcard-title
Full Stack Engineer,Porter,11 months ago,,https://www.linkedin.com/jobs/view/full-stack-engineer-at-porter-3625991287?trk=public_jobs_topcard-title
Junior Full Stack Developer React/Python,Team Remotely Inc,,67 applicants,https://www.linkedin.com/jobs/view/junior-full-stack-developer-react-python-at-team-remotely-inc-3925626501?trk=public_jobs_topcard-title
